{
 "Kuvp": 234166.0,
 "Epzsae": 164903.0,
 "Kdrhyi": 63559.0,
 "Xtzoc": 35149.0,
 "Ldbere": 724275.0,
 "Hyaons": 168094.0,
 "Pqdjlri": 428108.83343230095,
 "Dxkbfhi": 510059.35316766996,
 "Grre": 497852.0359498445,
 "Oiyz": 135489.0
}